,G
6297,2
4547,1
7908,1
16309,2
10421,1
18571,1
8883,1
13180,1
9197,1
10262,2
4674,2
1580,1
12240,2
15637,2
18633,2
9206,2
6554,1
18205,1
5873,1
17285,1
16409,1
1402,2
8571,1
4659,1
5044,1
4292,1
11768,1
15412,1
16117,2
10658,2
18366,1
7638,1
2998,2
14920,2
5497,1
17971,1
13716,1
6889,1
3332,2
18281,1
7803,1
9157,2
4429,1
17243,1
3500,1
908,2
15274,1
7136,2
15674,2
3315,1
15482,1
11309,1
16189,1
562,1
1346,1
14873,2
7215,1
2907,1
19260,1
15690,2
16203,1
5192,1
7862,1
13669,1
1859,1
17786,1
16495,2
13370,1
16049,1
2715,2
14427,2
15764,2
16886,2
3615,1
10353,1
382,1
11635,1
14776,1
2641,1
4554,2
14805,1
1531,1
16758,1
19667,1
1111,1
19269,2
16162,1
2681,2
4179,2
14113,1
16139,1
2462,1
12808,1
15189,1
14794,1
5661,2
19001,1
16135,2
13227,2
16064,2
18095,1
12874,1
17129,1
17235,1
17683,1
9045,2
15912,1
18237,1
8012,2
12297,1
18883,1
57,1
9922,1
13329,1
18395,1
6892,1
3635,1
12882,1
2242,2
9994,1
14563,2
16635,1
13148,1
5666,1
12143,1
10768,2
1319,2
14830,2
6702,2
13420,1
8124,1
3313,2
6148,1
3409,2
11303,1
17750,2
1848,1
9632,1
7683,1
13720,1
15132,2
5909,2
938,1
2791,1
14276,1
15048,1
4284,2
14539,1
702,1
10622,1
10881,1
10758,2
12457,1
14600,1
244,1
1557,1
13680,2
14212,2
9248,2
15610,1
15630,1
5865,1
17652,2
3520,1
12438,1
7294,2
3,1
5051,2
9459,1
10648,2
18329,2
3779,2
14719,1
15736,2
16459,2
4196,2
4953,1
12953,1
3854,1
15235,2
3066,1
10329,1
6636,2
11062,1
8624,1
19996,1
18376,1
4333,2
16936,1
15224,2
4893,2
6628,1
10587,1
10502,1
3115,1
9805,1
16823,1
19807,2
8323,2
16649,2
4233,1
2906,1
7349,1
9626,1
2855,1
6514,2
3112,1
7432,1
2914,1
15803,1
14193,1
18374,1
2511,2
4883,1
5182,1
16566,2
18545,2
19570,2
3517,1
8106,1
18990,2
987,1
16061,1
8855,1
5369,2
2281,1
2195,1
17952,1
10795,1
755,1
5486,1
17322,2
9128,1
3627,1
13050,1
11958,1
3297,1
13820,1
17057,1
7494,1
10871,2
4488,1
15800,1
13375,2
910,1
10391,2
5425,2
2699,1
9623,1
19061,1
2001,1
19771,1
470,1
6717,1
15745,1
10251,2
14125,1
13340,2
8626,2
6345,2
10970,1
18324,1
13940,1
6030,1
11032,1
18800,2
2492,1
4187,2
8514,1
6637,2
10046,2
18900,1
3888,1
977,2
2399,1
15706,2
4238,1
13204,1
1917,1
15385,1
1705,1
19292,1
7271,2
2056,1
17711,1
19035,2
10508,1
307,1
14930,1
7530,1
12042,1
16987,1
2491,2
7445,2
5249,2
17449,1
15968,1
10181,1
15533,1
19785,1
16260,2
404,2
9622,1
5076,1
8104,1
1056,1
12096,1
15297,1
18347,1
17313,2
8628,2
2186,2
16505,2
9218,1
1685,1
4548,1
3994,1
16073,1
19931,1
5983,1
12554,1
4629,2
4878,1
3616,1
5725,2
11423,1
16878,1
9398,2
8808,1
9935,2
13104,1
17287,1
14545,2
2552,2
18597,2
18159,1
8149,1
4207,1
1453,1
9728,1
15262,2
16141,2
1689,2
9942,2
2691,1
17079,2
9492,2
18031,1
17096,1
18178,1
13623,2
12351,2
17410,1
13339,1
12266,2
14504,2
12076,1
10013,1
3735,1
789,1
19829,1
16029,1
6708,1
12664,1
12646,1
6219,2
2167,1
16914,1
6438,2
3872,1
18734,2
16040,1
13464,1
16774,2
15168,1
9349,2
17956,1
15261,1
12115,1
12692,2
2288,1
14408,1
17784,2
17051,2
15128,2
17202,1
4795,1
17795,1
6541,1
14257,1
16352,1
14738,1
6501,1
3454,1
902,1
8463,1
19405,2
12532,2
8409,2
359,1
1545,1
1062,1
9434,1
19599,1
8502,1
11747,1
16490,1
11724,1
6185,2
9708,2
7483,2
868,1
17195,1
5351,1
11467,1
9167,1
17005,1
5635,1
1427,1
5742,1
2083,1
15480,1
11399,1
8842,1
5874,1
11286,1
217,1
19944,2
13143,1
3648,1
135,1
19161,1
2811,2
1008,2
19212,1
16420,2
19379,1
10167,1
9047,1
390,2
19801,2
10750,1
14147,1
18824,1
15644,1
11238,1
14186,2
10735,1
10930,1
15089,1
2464,1
11134,2
7747,1
2217,1
8811,1
6237,2
5812,1
10931,1
16877,1
1315,2
17448,1
10207,1
12523,1
15042,1
6909,1
16502,2
4683,1
2924,2
16647,1
9156,2
4714,1
12372,2
9356,1
2813,1
2202,1
19735,2
5441,1
15524,2
7132,1
18238,1
11202,2
976,1
12511,1
14392,2
19093,2
7195,1
12499,2
5155,1
19909,2
12156,2
4490,2
13211,1
13997,1
10396,1
13934,2
9912,2
1894,1
18732,2
19186,1
19393,2
17392,1
8933,2
16969,1
3913,1
7049,1
18860,1
19180,1
18620,2
14833,1
10978,1
394,1
19454,1
16902,1
2631,1
18694,2
7221,2
18461,1
17254,1
10378,1
17581,1
9549,2
2065,1
17882,2
19300,1
5768,2
3623,1
2178,2
7156,2
3842,2
15022,1
7789,1
10205,1
11161,1
12335,1
7304,2
7096,2
5936,2
14501,2
16023,2
8838,1
19254,2
77,1
7944,2
10869,1
4373,1
8791,2
6138,1
9967,1
17515,1
12529,2
12282,2
16400,2
17450,1
5806,2
3516,1
3025,1
9377,1
5172,1
13478,2
10539,1
9980,1
2412,2
10027,1
16435,2
1760,1
10985,1
10314,1
11943,1
2472,2
14311,1
8252,2
6358,1
3664,2
3136,1
5608,2
1722,1
13779,1
14053,1
13336,2
6748,2
7208,1
6516,1
19705,1
5489,2
1575,1
14307,2
10669,1
18923,1
10953,2
3843,1
8026,1
271,1
12136,1
497,1
17959,2
4277,1
13070,1
17212,1
5910,1
19280,1
1695,2
700,1
19380,2
13503,1
15198,2
6894,1
17555,1
7594,1
18388,2
5785,1
7018,1
11972,2
16784,1
8915,1
5518,2
17576,2
15866,2
5912,1
6016,2
9137,1
2762,1
16361,1
17639,2
16233,2
6973,1
5252,1
4062,1
9550,2
7760,1
15821,1
16761,1
2470,1
9836,1
10620,1
6424,2
994,1
3749,1
4314,1
13962,2
18762,1
14985,2
12867,1
13718,1
16686,1
16572,1
10744,1
2946,1
8368,1
5889,1
2311,1
6028,2
16370,2
11633,2
10641,1
10498,1
6784,2
2612,2
1780,1
17879,1
15075,1
1279,2
7681,2
10350,1
17032,1
8328,1
17130,2
7790,1
16952,1
13998,2
6840,1
9399,2
6467,1
4206,1
4534,1
3263,1
6041,1
9364,1
9932,1
15875,2
8432,1
19162,1
11124,2
17723,1
19716,1
6781,2
12070,2
3877,1
1621,1
1441,1
15625,2
18054,1
3571,1
393,1
10289,1
6983,2
14971,1
7943,1
4806,2
15668,1
729,2
17982,1
1399,1
2977,2
12697,1
16123,2
16516,1
17755,1
10064,1
1369,1
16354,2
18661,1
12001,2
7339,1
5375,1
14753,1
4060,1
11089,1
15314,2
9313,1
10542,1
14210,2
6312,2
6794,1
13952,1
9668,1
15135,1
9380,1
1035,2
4712,1
9555,1
4882,1
6482,1
16063,1
9605,2
3573,1
4665,1
11623,2
8902,1
12550,2
4035,1
8408,1
2115,1
15156,2
4979,1
19538,1
19821,1
10479,1
18970,2
668,2
7574,2
18075,2
7744,2
9656,1
5125,1
5136,1
14574,1
1398,1
18897,2
15211,1
10402,2
3360,1
5603,1
14085,1
7714,2
11316,1
15402,1
11168,1
7986,1
9055,1
8712,1
7743,1
3727,2
16794,1
19298,1
18232,1
3788,1
10734,1
13459,1
9237,1
18583,1
1528,1
4575,1
13378,2
13682,2
8517,1
3155,2
7611,1
11608,1
18120,1
15428,1
8898,2
7666,1
17028,2
15891,1
7196,1
7230,1
19686,1
4099,2
10258,1
10223,2
4068,1
2737,1
4343,2
6100,2
11374,2
8596,1
15704,1
15780,1
6202,2
9123,1
6251,2
12245,1
2724,1
5872,1
7669,1
3324,1
2928,1
11663,1
18865,1
9307,1
19517,2
4637,1
6568,1
18778,1
9383,2
10231,1
5878,1
2440,1
281,1
17870,1
7359,1
13889,1
9357,1
18548,1
6335,1
15666,2
18586,1
4582,1
18468,2
15718,1
6675,1
11141,2
13409,1
16218,1
2296,2
17491,1
11177,1
1631,1
5860,2
15831,2
6929,1
2670,1
7692,2
6340,2
16519,2
15693,1
589,2
18857,1
7691,1
1038,1
9105,2
7131,1
10565,1
8739,1
9385,2
7192,1
19312,2
5048,1
7161,1
1790,1
13095,1
18056,1
520,1
1214,2
13390,2
14832,2
16829,1
3006,2
14294,1
13629,2
1558,2
16426,1
9700,1
8782,2
3408,1
17325,1
10558,1
18982,1
12946,1
13481,2
17600,1
4095,1
8019,1
6183,2
15182,2
1362,1
12602,1
15208,1
10814,1
2919,1
7853,1
1116,1
6545,2
2258,1
7497,1
12787,1
3707,2
4841,2
13591,2
7504,1
12211,1
12392,1
14902,2
12907,1
3515,1
7033,1
16892,1
6095,1
6154,2
13277,1
15937,1
9368,1
3656,1
11717,2
11805,1
19286,2
4879,1
11010,1
7748,2
14064,1
18598,1
3103,1
18947,1
1207,1
9899,1
14074,2
1652,2
7940,1
15709,2
12841,2
17869,1
10300,1
19210,2
12145,2
13433,1
9256,2
15892,2
2436,2
3114,1
17227,1
17023,2
7211,2
6691,1
14606,1
16365,1
14870,1
17390,2
15317,2
12248,1
9059,1
9286,2
11097,1
14883,2
4750,1
1742,1
8965,1
1516,1
8153,1
4460,2
17303,2
7506,1
15417,1
19139,1
7851,2
11277,1
5222,1
10743,1
5253,1
4740,2
13961,1
14849,1
17299,2
14067,1
12966,1
6821,1
14497,2
5992,2
14330,1
16993,2
12888,2
2435,1
15867,2
12092,1
3235,1
18199,1
8425,1
9704,1
11596,1
12991,1
11523,2
13228,1
1138,2
9893,1
9191,2
6101,2
16245,1
36,1
7167,2
19165,1
9552,2
3032,2
15545,1
5511,1
9204,1
14233,1
9249,1
8075,1
10143,1
10259,1
11191,2
18606,2
18183,1
15509,1
1798,1
19152,2
13384,2
14516,1
16687,1
808,1
3747,1
15658,2
723,1
16107,1
16929,2
10792,1
15455,2
8116,2
13494,2
3383,1
13920,1
15019,1
8049,2
13404,1
15325,2
5671,1
13637,1
13021,2
17062,1
17353,2
7059,1
7982,2
3378,2
17188,1
10696,2
3891,1
15505,1
1155,2
6046,1
10806,1
6122,1
4388,1
7166,1
11645,1
17910,1
12078,1
3702,1
4660,1
3544,2
2912,1
12577,2
11121,1
14571,2
12948,1
14374,1
10332,1
10347,2
4723,2
13652,1
3991,2
19938,1
15647,2
7693,1
13936,1
13452,1
12884,1
19915,1
1865,1
6811,1
16284,1
9999,1
9456,1
15169,1
9460,2
11793,1
4076,1
16305,2
15910,1
9785,1
9944,1
7243,1
13278,2
19417,1
12054,1
5091,1
9941,1
5614,2
18614,1
14610,1
14784,2
8069,2
6916,2
5642,2
12810,2
5674,1
6212,1
14344,1
6722,1
17044,2
595,1
12914,1
6996,1
8072,1
2712,1
6695,1
3903,1
7209,2
14875,1
14037,1
17039,1
10133,2
4914,1
11720,1
16921,1
3996,2
15796,1
12253,1
7600,2
3314,2
11828,2
954,2
3870,1
19894,1
10975,1
13916,1
9659,1
3435,2
12172,1
7335,1
14820,1
5902,1
4390,1
11438,1
9203,2
12931,1
3726,1
14395,1
13393,1
15178,2
8256,1
439,2
6709,1
956,1
10311,1
17172,1
3354,2
12454,1
15845,1
13110,1
17091,1
16781,1
17943,1
16831,2
12674,1
4799,1
17841,1
2114,1
6304,2
6418,1
1065,2
1676,1
13231,1
3452,1
622,1
15501,1
17037,1
10374,2
4437,1
17660,1
9599,1
13575,2
2103,1
4205,1
2078,1
18482,1
17048,1
18263,2
1690,2
12348,1
15715,1
8590,2
6612,2
16843,1
12467,1
10583,2
12158,1
1534,2
2520,2
7595,1
14480,1
4888,1
10856,2
5431,1
4529,2
9742,1
18152,1
13429,1
4819,1
12864,1
762,1
299,1
18223,1
2039,1
3990,2
11451,1
18527,1
7420,1
18225,1
4077,1
15556,1
6353,1
9731,2
6715,2
18252,1
18794,1
5006,2
13773,1
9712,2
8219,1
793,1
8257,1
13918,1
16604,2
15106,1
10404,2
3162,1
7586,2
17225,1
1171,1
14004,2
14444,1
18532,1
11306,2
19501,2
12178,1
171,2
5386,2
16375,1
1890,2
105,1
16307,1
11363,1
5060,1
1269,1
14223,1
1942,1
5298,1
18429,2
9217,1
8475,2
14927,2
9936,1
15971,1
16381,2
11172,1
9827,1
11942,1
13219,2
19789,1
6573,2
14391,1
13988,1
15605,2
13660,1
14378,1
9588,2
41,1
9469,2
3392,1
17284,1
3819,1
7448,1
17061,1
2714,1
8192,1
14296,2
2621,2
1701,1
6817,1
17495,1
14413,1
18413,1
12846,2
1287,1
2771,1
7989,1
14712,2
11545,1
7401,1
9414,1
13897,2
8131,1
10063,1
2873,2
16915,2
4452,1
12308,1
2285,2
8817,1
9080,2
10172,1
13416,2
11318,1
3356,1
5568,1
12062,2
16545,2
13469,1
13721,1
15641,1
2003,1
1504,1
85,1
9512,1
3861,1
18933,1
1709,1
15903,1
19337,1
8976,1
16415,1
17913,1
7522,2
8177,2
558,1
9409,1
19715,2
3518,1
7321,1
15540,1
10986,1
12987,1
12162,1
8329,2
17839,1
15060,1
19634,1
365,1
3988,2
17522,1
19706,1
17433,1
8729,2
5012,1
708,1
19773,1
18200,2
14689,1
9395,1
12784,1
8208,2
13285,1
12863,2
13157,2
425,2
18078,1
19070,1
16003,1
11873,1
18849,2
2498,1
5279,1
7680,1
7086,1
4864,1
3923,1
2572,2
12886,1
2223,1
12672,1
13258,2
7956,2
17635,2
10815,1
5693,1
12840,2
16102,2
14616,2
5798,1
18453,2
16410,1
12196,1
1187,1
6332,1
14075,2
11672,2
15310,1
10430,1
4485,1
19235,1
823,1
2233,1
19616,1
6642,1
8665,1
15238,1
13311,1
19682,1
13355,1
9930,1
9842,1
5057,1
5943,2
10994,1
19833,2
8515,2
17471,2
19234,1
18715,1
4889,2
6806,1
2415,2
7135,1
12702,2
7614,1
5687,1
8315,1
12981,1
13886,1
6439,1
3699,1
5562,2
455,2
9811,2
13447,2
18868,1
2525,1
9144,2
16108,1
18259,1
16236,1
8461,2
17831,1
10291,1
2137,2
11516,1
16537,2
16092,1
10363,1
19990,1
16208,1
10902,2
1744,1
12913,1
17158,2
18645,1
15669,2
17270,1
16557,1
2957,1
18405,1
363,1
18672,2
3172,1
7454,2
9934,1
5780,2
18637,2
18422,1
12852,1
15602,1
2142,2
19923,1
8201,1
13073,1
4204,2
14841,1
8251,2
13440,1
19136,1
19184,1
5541,1
3388,2
905,1
1001,2
19315,1
147,1
4139,2
9441,1
2306,2
18318,1
19980,1
16015,1
4231,1
4594,1
19202,1
5689,1
1472,1
8244,1
11311,1
16156,1
16854,1
15802,2
3266,1
15990,1
1479,1
3294,2
8384,2
12236,2
11209,1
1145,1
9639,1
18697,2
19725,1
16690,2
7877,2
17637,1
12670,1
7258,1
4671,1
1797,2
2643,1
6346,1
1268,1
19194,2
18250,2
18856,1
18777,2
3921,1
15747,1
711,1
19058,1
5305,1
2164,1
3536,1
6225,1
13703,2
4940,1
17277,2
9086,1
3596,1
5146,2
19792,1
19469,1
7122,2
1684,1
15590,1
3510,2
18902,1
4820,1
7831,2
11801,2
13563,2
5200,1
8981,1
18299,1
5159,1
9834,1
14691,2
4523,2
17302,1
14910,2
1280,1
5758,1
6324,1
13609,2
25,1
14403,1
12792,1
1186,1
3319,1
12899,2
5556,1
15882,1
11829,2
3368,1
8693,2
12409,1
5353,2
4339,2
9679,2
4925,2
10278,1
2632,1
10284,1
4904,2
4406,2
8466,1
7381,1
5303,1
11914,1
8472,1
12955,2
19107,1
18710,1
4634,1
11337,2
15312,1
13065,1
13981,1
9858,1
14513,1
12924,1
3831,1
581,1
3935,1
16638,2
1023,2
14065,2
6783,1
10992,2
9064,1
8327,2
575,2
14698,1
16626,1
17078,2
3223,2
17677,1
7657,1
2308,1
6383,1
13215,1
2427,1
18791,1
15724,1
10720,1
11401,1
10722,1
7206,1
3715,2
772,1
17409,1
16801,1
506,1
8254,1
15324,1
4165,1
18660,1
18391,1
16630,1
12397,1
19986,2
17411,2
12620,1
3914,1
9520,1
12104,2
4110,1
1691,1
1961,1
14144,1
10490,2
14451,1
8439,2
345,1
3306,1
312,2
5609,1
17811,2
5372,1
2246,2
3453,1
5551,2
9291,1
17664,1
471,2
17697,1
12046,2
1333,1
8422,1
8510,1
2569,2
4310,1
17609,1
13673,2
14752,2
15112,1
2610,2
8687,1
3807,1
3069,1
19823,2
17445,1
4467,1
896,1
16198,2
6325,1
13069,1
7311,2
7658,1
17571,1
16824,2
17899,2
11133,1
11195,1
7906,2
12255,1
3999,2
2976,1
19632,1
11708,2
6972,1
3584,1
2597,1
6420,1
948,1
9131,1
6384,2
4038,1
8655,2
2607,1
18936,2
10728,2
6387,2
546,2
11808,1
7446,2
13270,1
19734,2
7879,1
13096,2
7355,1
5193,1
7974,1
17645,1
18066,1
3658,1
6452,1
16244,1
13414,1
13510,1
16019,1
1446,1
2693,1
5171,1
2969,2
2478,1
6362,1
6412,2
9775,2
4711,1
15576,1
17006,1
13033,2
504,1
14469,1
6837,1
8428,1
2721,1
4840,2
10418,1
9675,1
1490,1
14341,1
11774,1
15828,1
9983,1
14881,1
4361,2
7603,1
2251,1
9514,1
2126,1
18101,1
19952,1
5767,1
5129,1
7343,1
2146,1
2113,1
683,1
19474,2
11650,2
7305,1
4126,2
12357,1
4745,1
16062,2
7665,1
9615,1
19544,1
7298,2
7970,2
15542,1
17739,1
19480,1
5512,1
16587,2
3428,1
15110,1
6352,1
18071,2
2645,1
1892,1
388,1
12858,1
5236,1
5728,1
10058,2
5097,1
5235,1
16327,1
1191,1
1609,1
8111,1
17121,1
19248,2
10238,1
10255,2
582,1
3013,1
3084,1
6462,1
13305,2
17312,2
19609,2
15881,1
2463,1
90,1
16014,2
3345,1
11113,2
10756,1
2802,1
11906,1
2145,2
6735,1
11036,2
5680,1
18907,1
3567,2
18526,2
9611,1
4486,1
6256,2
15858,1
5071,1
7205,1
3001,1
11985,1
767,1
7283,1
5079,1
18393,1
15286,1
14124,1
10468,2
6497,2
9465,1
16332,1
19048,1
442,1
11393,1
11219,1
13328,1
17152,1
7128,1
10628,2
7138,1
18239,1
17137,1
11232,1
16691,1
15798,1
14490,1
321,1
1930,2
12505,1
8372,2
17481,2
3974,2
11657,2
2861,1
19041,1
10826,1
17643,1
5757,2
15876,1
15621,1
18864,2
15432,1
627,1
7247,1
16908,2
3640,1
1448,1
18969,2
3070,1
8602,1
17900,1
4663,1
17916,1
7197,1
7073,2
12637,1
735,1
12573,2
6890,2
12385,2
14190,1
3426,2
2058,1
8667,2
16541,1
3018,1
2644,2
10896,1
3647,1
1740,1
11939,1
10527,1
16658,1
9955,2
18997,1
3867,1
13465,1
19631,1
16412,2
14051,2
7482,2
18040,1
13427,2
12030,1
17923,1
7301,1
9362,1
2045,2
12764,1
6606,1
5138,1
5490,1
19892,1
960,2
10599,2
8151,2
19262,1
7425,2
3665,1
7578,1
5876,1
11697,1
13422,1
11293,1
14529,1
4447,1
3951,1
8393,1
19,2
2793,1
12569,2
9673,1
4271,1
7187,2
1906,2
9371,1
8367,2
10319,1
11890,1
19121,1
14845,2
10662,1
5066,1
19547,2
9767,1
614,1
8200,2
12166,2
5030,1
744,2
19862,2
11730,2
8353,1
13504,2
2215,2
14071,2
15771,2
4519,1
18109,1
15543,1
13525,1
2350,2
1164,1
5869,1
19157,1
13457,2
17416,1
10014,2
19386,1
16338,2
4616,1
16054,1
4730,2
3337,2
4972,2
2888,1
16001,1
19956,1
7023,1
5087,2
6585,2
14241,1
19059,1
14603,2
10140,1
8480,1
485,1
8274,1
14874,2
11872,1
18475,1
13744,1
8310,1
17977,2
1081,2
5191,2
10781,1
14924,1
178,1
13777,1
9444,1
14897,2
6408,1
16271,2
10779,1
17517,2
6437,1
19242,2
5077,1
7770,1
10893,1
2402,1
13164,1
12834,1
9777,1
10450,2
13687,1
19702,1
15719,2
8061,1
3446,1
383,2
9849,1
13803,1
16366,2
14181,1
2995,1
13373,1
18922,2
8688,1
7602,1
243,1
17339,1
4180,2
12224,1
13163,2
6859,1
3912,1
17164,1
5382,1
17883,2
4957,2
2665,2
2767,2
1464,2
12452,1
7177,1
8961,1
19016,1
5248,2
18705,2
17591,1
611,1
5263,1
1524,2
14409,1
4901,1
2010,1
18537,1
4007,2
13727,2
2868,1
6868,2
15279,2
8159,1
7124,1
1466,2
526,2
11542,1
5113,2
17359,2
12150,1
8102,2
19869,1
19636,1
15934,2
14400,1
1735,1
5274,2
15911,1
16933,1
19972,1
6443,2
19800,1
15,1
16607,1
5170,1
19494,1
140,2
13533,1
6088,1
6579,1
12274,1
14511,2
15878,2
2182,1
3207,1
7477,1
6053,1
2925,1
1179,1
14706,1
9239,1
1883,2
17654,1
11425,1
3483,2
2885,1
14588,1
9562,2
3206,1
18976,1
6662,1
12319,1
2300,1
13046,1
11233,1
10342,1
4610,1
15072,1
9692,1
10153,1
11314,1
8139,1
2557,1
9678,1
6193,1
251,1
781,1
1870,1
17161,1
17446,2
12343,2
1440,1
8537,1
13153,1
4533,2
14259,1
15874,1
12716,1
6015,2
14183,1
9027,1
8909,1
11267,1
19014,1
756,2
11526,1
14774,1
9633,1
2047,2
12825,2
14120,1
18192,1
11322,2
15862,1
9718,1
9209,1
16896,1
15618,1
5107,1
1511,2
3746,1
14528,1
5502,1
3095,2
8307,2
5722,1
8120,1
16148,1
11706,1
19211,2
19605,2
18188,1
8591,1
11208,1
15349,1
1895,2
13502,2
11984,2
438,1
17087,1
92,1
3339,1
6950,1
8289,1
13480,1
9224,1
6982,1
714,1
978,2
12742,1
16165,1
15697,2
4948,1
7555,2
17267,1
10465,1
10088,1
8865,1
599,1
15595,2
2926,2
2336,1
4647,1
10535,2
10788,1
3643,1
17920,1
19158,1
18236,2
15661,1
3299,1
17625,1
6448,1
18935,1
8713,1
6543,1
10122,1
9760,2
19318,1
18934,1
6411,1
14526,1
13383,2
5456,2
13879,2
17008,2
9661,1
2264,1
8680,1
1029,2
466,1
7068,1
17877,1
11607,2
15158,1
1463,2
19273,2
10118,1
10772,1
8339,2
2452,1
6582,1
10948,1
10112,1
16404,1
7987,1
19472,1
7281,1
4764,1
16341,1
14862,1
458,1
838,1
2384,1
4818,2
18203,1
2338,2
2961,1
9101,1
8565,1
12485,1
3472,1
17759,2
16985,1
2348,2
15974,2
15473,2
108,1
11581,1
638,1
18567,2
13067,2
6745,1
3416,2
2035,1
19884,1
8137,1
14447,1
12406,1
2664,2
3154,1
12482,2
10019,1
10034,2
5130,1
1901,2
4141,1
5716,2
15997,2
4168,1
19576,1
3692,2
8070,1
15001,1
5488,1
12793,1
15702,2
14169,1
14635,2
17356,1
5392,1
12869,1
12515,2
6399,1
9159,1
6280,1
372,1
4198,2
15529,1
13350,1
12423,2
9841,1
15159,1
1484,2
18898,1
17827,2
13778,1
14785,1
3833,1
18754,2
3151,1
9910,1
734,1
3379,1
9974,2
19447,2
8268,2
6888,1
11693,1
8784,1
12493,2
8967,1
8414,2
14643,2
15288,1
6730,1
11881,2
7605,1
18308,2
16668,1
17278,2
18522,1
12027,1
7618,1
8955,1
5741,1
4678,1
19999,1
6536,1
1523,2
4256,2
8666,1
15033,2
9387,1
11573,2
4863,1
18611,1
2880,2
17547,1
9792,2
15202,2
693,2
1385,1
1856,2
5515,2
7784,1
19617,1
8656,1
7117,1
10588,1
12883,1
7659,2
3824,1
8427,1
16734,1
18491,2
7500,1
1047,2
14772,1
12876,2
17344,1
1489,1
6824,2
1986,1
19025,2
19330,1
18755,2
1929,2
17946,1
16514,1
16634,2
3943,1
6231,1
16538,1
315,2
19672,1
3651,1
1054,1
14019,2
1321,1
1072,2
19878,1
11922,2
8684,1
19562,1
8763,2
2282,1
15514,1
13746,2
14898,2
5880,2
17338,1
532,1
1196,2
15609,2
6779,2
12009,2
19796,1
2697,1
1526,1
1499,1
2261,1
6005,1
15746,2
19352,1
1573,2
12821,2
10271,1
2410,1
17462,2
19224,1
18269,1
13074,1
17248,2
5958,2
10029,2
1271,1
13946,2
1873,2
9271,2
11574,1
9526,1
12539,1
14647,2
2395,1
14893,1
7451,1
1769,1
4124,1
9079,2
11093,1
16850,2
17157,1
7340,1
3400,1
3541,2
13276,1
9539,1
3993,1
913,2
3769,1
9250,1
19624,1
19467,1
2549,1
10912,2
5406,2
11637,1
15959,1
2513,1
19669,1
11925,1
4270,2
5934,1
1548,1
17182,1
14267,1
6830,1
6696,1
3547,2
14291,1
15084,1
2157,1
877,1
3381,1
1606,1
1857,1
3508,1
16358,2
3705,1
13903,1
5436,2
6952,2
7892,1
9829,2
5142,2
13360,1
15244,1
2102,1
1210,2
16744,1
6158,1
14389,2
5855,1
2639,1
12887,2
19739,2
13015,2
1664,1
11528,1
12199,1
13353,1
4018,2
2560,1
17563,1
764,1
10546,2
8196,1
16027,1
576,2
7169,1
12261,1
18055,2
8682,1
737,2
4722,2
8843,1
8477,1
18302,1
398,2
14226,2
12275,1
2036,1
3673,2
5868,1
2197,2
11378,1
518,2
7459,1
15409,1
6313,1
4517,1
15265,1
15456,1
18208,1
10017,1
4963,1
8587,2
17851,1
3486,2
17261,1
1274,2
7160,1
2805,1
12629,1
6388,1
16349,1
1532,1
16277,2
18063,2
13565,1
19319,1
16616,1
16378,1
14052,1
11783,1
16109,1
16004,1
188,1
6038,2
6432,1
12138,1
13618,1
11571,2
16321,2
9702,2
3674,1
10119,2
5381,1
15100,1
149,1
14863,1
7585,1
3662,1
107,1
18601,1
17681,1
959,1
13018,1
6910,1
15842,1
878,2
12476,1
17813,1
6033,1
17610,2
7599,2
19839,1
16897,2
283,1
16867,1
4351,2
12213,1
7782,1
19596,2
826,1
16570,1
8259,1
728,1
19084,2
2268,1
17523,1
17316,1
19853,2
4597,1
19483,1
11410,1
19865,2
4372,1
10980,2
11271,1
12345,1
8197,1
559,1
984,1
16940,1
7976,1
7306,1
18155,1
13463,1
19982,2
8285,1
13141,1
19219,1
17230,2
2725,1
14044,1
19843,2
11418,1
18016,1
15218,1
19198,1
314,1
18383,1
3056,1
16641,2
12704,1
15126,1
1711,1
12555,1
8045,1
1261,1
8359,1
17524,1
7978,2
2493,1
5592,2
15880,1
16372,2
10482,1
5883,1
5196,1
15707,2
6078,1
7449,2
12777,1
5627,1
12114,1
14983,2
6460,2
4330,1
17715,1
17358,1
12758,2
10928,2
14352,1
12337,1
14660,1
2249,1
18560,1
13752,1
6860,1
17231,1
13733,2
11517,1
14489,1
2107,1
176,1
9431,1
4996,2
10325,2
19809,1
17427,2
4919,1
13299,1
13636,1
10737,1
9757,1
6486,1
3984,1
15414,2
3242,1
9416,2
3685,1
15532,1
6553,1
3750,1
18283,1
10605,2
16534,1
9895,1
16033,1
18365,1
10649,1
3721,1
14977,1
16555,1
12298,1
15447,1
6641,1
11947,1
8066,1
12708,1
13822,1
4409,1
19477,1
14035,1
11292,1
10591,1
2505,1
8549,1
7560,1
10183,1
5832,1
5376,2
12980,2
13701,2
7345,2
15526,2
15172,1
4354,1
13825,1
14321,2
16031,1
10249,1
11076,1
19357,1
6793,1
245,1
19359,2
10408,1
6559,1
1624,2
8362,2
16995,1
13233,2
12776,1
4856,2
2118,1
8725,2
18649,2
2305,1
15783,2
11638,1
13177,1
9872,1
14993,1
18808,1
12380,1
9057,1
1483,1
3642,2
9882,1
16732,2
2449,1
5202,2
9115,1
6293,1
19806,2
1991,1
13578,1
13993,2
18814,1
18961,2
15749,1
10802,1
676,1
2276,1
9433,2
16344,1
8040,2
3247,1
12117,2
6097,2
11120,2
2474,1
15571,1
14272,1
7780,1
7054,1
4101,2
10424,1
2421,1
5972,1
3666,1
14492,1
6282,2
726,2
9010,1
9896,1
8277,1
16819,2
14472,2
10016,2
16749,1
11671,1
3296,1
6584,1
6891,2
11780,2
17896,2
7700,1
9653,1
2694,1
12552,2
14177,2
2192,1
5752,2
4464,2
19407,1
11860,1
11787,1
16448,1
19276,1
9404,1
3814,2
4568,1
6366,1
4399,1
11598,1
16891,1
1260,1
6360,2
9106,1
15433,1
13225,1
9954,2
13994,1
5293,2
12908,2
11552,1
12922,1
14518,1
9083,2
16930,1
16836,1
6519,2
9424,2
14084,2
14678,1
19410,1
1304,1
14234,1
8856,1
16703,1
19289,1
5348,1
3078,1
11688,2
14056,2
13205,1
15538,1
306,1
17737,1
14514,1
16631,1
1847,2
8366,1
8958,1
9445,2
14997,1
1952,2
16318,1
16382,1
5428,1
180,1
13941,2
4092,2
15161,1
13506,2
9943,1
13098,1
17216,1
17856,1
15731,2
16077,1
17040,2
19593,1
8778,2
12968,1
5032,2
10791,1
1022,1
15917,1
13841,1
18319,2
19182,1
4761,1
13059,1
9516,1
5173,1
10152,1
19873,1
5460,2
3098,2
18544,1
2131,2
19311,2
8442,1
16237,1
2139,1
9290,1
7542,2
18596,1
17791,2
1041,1
13012,2
2755,2
17743,1
4855,1
5698,1
16532,1
6711,1
478,1
8974,1
19946,1
3131,1
10946,1
4703,1
7389,2
17783,2
4444,2
5445,2
11954,1
16256,2
4609,1
2375,2
4636,2
10522,1
8805,1
4520,1
19622,1
4783,1
15077,1
13345,1
6774,1
14102,1
8796,1
10338,2
3794,1
13374,1
12632,1
8505,2
12542,2
1467,1
6086,1
7661,1
2575,1
4886,1
19527,2
3565,1
16723,1
12766,1
17679,1
5120,1
16707,1
4459,1
10054,1
17465,2
14258,2
3801,1
14502,1
7866,2
12470,1
3696,1
10741,1
4576,1
6414,1
19213,1
17162,1
17545,2
11833,1
20,1
280,2
15627,1
16224,1
11381,2
9033,2
14091,1
1789,1
6882,1
12340,1
9065,1
3966,1
18009,1
2682,1
5094,2
12229,1
5988,1
9381,1
4804,2
9879,1
2325,2
4763,2
18888,1
9266,1
2994,2
5026,1
1090,1
15382,1
12234,1
73,1
17510,2
166,1
15733,1
14509,1
3619,2
6775,2
2849,1
3630,2
1449,1
12057,1
346,1
15183,2
8435,1
10491,1
11843,1
3419,2
3140,2
1356,2
13288,1
9801,1
10083,2
18937,1
1095,1
19849,1
1591,1
19741,1
10951,1
10215,1
4157,1
5429,1
17228,1
2570,1
12860,2
19627,2
15549,2
17864,1
15560,1
16711,1
18336,1
11448,1
10540,1
14288,2
4344,1
16653,2
1681,1
13439,1
9902,1
12977,1
2754,1
10504,2
16096,1
6032,1
3982,2
3887,1
9939,1
1838,1
13213,2
15487,1
12895,1
5763,1
16674,2
19199,1
14649,1
11428,1
5174,1
1079,1
17089,1
6115,2
10379,1
19010,2
5882,1
7461,1
2277,2
9119,2
2727,1
11716,1
19497,1
19388,1
18167,1
1283,1
19775,2
17936,1
3907,2
9812,1
9848,2
13514,1
19614,1
14302,1
6985,1
19465,1
7395,1
8157,2
7779,1
10134,2
3733,1
5593,1
12649,1
1255,1
1902,1
17067,1
545,1
563,2
12369,1
3840,2
892,1
1552,1
18508,1
3756,2
10385,1
10335,2
10870,1
7336,2
7516,2
11927,1
14345,2
9382,1
751,1
3538,2
8636,1
5047,2
7888,1
18484,1
10915,2
19091,1
16530,2
16379,1
15316,1
8263,1
10015,2
12526,1
3605,1
19524,1
4023,1
1454,1
8083,2
6704,1
14628,1
8002,1
1312,2
17541,1
16981,1
4717,1
333,1
11978,2
204,1
3487,2
10846,2
3542,1
18260,2
9330,2
13160,1
6055,2
17431,1
18756,1
1967,2
16254,2
13876,1
6563,2
6768,2
19927,2
8920,2
9773,1
18785,1
19085,1
13898,1
9028,2
11085,2
2768,1
8984,1
15983,2
8318,1
10471,1
13162,1
17865,1
126,1
2577,1
15201,1
6472,1
14149,1
11159,2
13690,1
2388,1
10270,1
5837,1
14013,1
8568,1
100,2
18418,1
11534,1
11404,2
17371,1
19841,1
19621,1
14279,1
6513,1
19398,2
11416,1
8242,1
3869,1
1488,2
16595,2
15572,2
17010,1
2438,1
9194,1
564,1
6238,1
4210,2
7720,2
11869,2
3442,1
3585,1
5891,1
1058,1
1024,1
11456,2
15929,2
11125,1
1320,2
6557,1
18513,2
12125,1
13237,2
16974,1
4990,1
15662,1
2698,1
8987,2
15425,2
7353,1
15375,2
11201,2
19268,1
9173,2
13084,1
16959,2
5427,1
13194,1
12590,1
14905,1
15854,1
14002,2
10139,1
6907,2
18713,1
10845,2
324,1
697,2
14922,1
4041,1
17644,2
1944,1
1926,1
18398,2
9046,1
10124,2
1715,1
782,1
13711,1
9315,1
17347,2
2408,1
3938,1
716,2
15143,1
16008,1
16401,2
13435,1
5740,2
3919,1
5393,1
8627,2
2775,1
10571,1
16539,1
837,1
11789,1
10293,1
7882,2
1418,2
6127,1
12306,1
11126,1
19313,1
15287,1
16742,1
9901,1
16308,1
19486,1
18134,1
17733,1
1672,1
11454,1
10818,1
12464,2
19567,2
5852,1
1508,1
5638,1
12721,1
3683,1
18964,1
656,1
14789,1
6831,2
10410,1
16235,1
7485,2
17527,1
11700,1
12074,1
11256,1
9269,1
14006,2
7935,1
15258,2
7939,1
6645,1
14365,1
1568,1
14586,2
6109,1
1949,1
2252,2
7531,2
12572,1
6010,2
10629,1
3265,2
5041,1
16970,1
15987,1
7776,2
12077,2
19094,2
1725,2
13309,1
13520,1
8629,2
15109,2
3406,1
12717,1
2833,1
7143,1
1950,1
11535,1
2011,2
14524,1
10916,2
1053,1
6808,1
17122,1
6370,1
15650,1
17368,2
10464,1
3412,1
4997,2
7332,1
19345,1
2176,1
8538,2
12508,1
18215,1
9477,1
10691,2
7811,1
3092,1
18711,2
1055,2
9316,2
18373,2
17388,1
5911,2
3427,2
7403,1
14744,1
17698,2
7159,2
11817,1
19969,1
5951,1
16858,2
11484,1
1071,2
10230,1
5700,1
13679,2
18350,1
9277,2
17430,1
5547,2
14204,1
6012,2
11187,1
12826,2
2514,2
8194,1
11206,2
15530,1
13554,2
6823,2
10730,1
6583,1
18747,1
16614,2
12320,2
1173,2
13577,1
8947,1
11530,2
1401,1
18379,1
7996,2
7806,2
18610,2
16693,2
9950,1
14236,1
10686,1
14913,2
12264,2
10269,1
14388,1
12995,1
15341,1
15700,1
5491,1
4380,2
15870,1
10544,1
11642,1
14466,2
16439,1
1129,1
1694,2
17778,2
3132,2
3644,1
14584,1
5982,1
16485,2
6576,2
19937,2
9176,2
6027,1
11149,1
10208,1
2423,1
17942,1
16223,1
7639,1
5653,1
8705,1
822,1
10048,1
8957,2
3601,2
11255,1
8024,2
16660,1
512,1
19695,1
19421,1
10844,1
13385,1
9505,1
8394,1
11826,1
19962,1
7108,1
19475,1
12516,1
6163,2
18216,1
12796,2
12725,1
12387,1
14632,2
13,2
9581,1
10929,2
5623,1
8470,1
7190,2
11790,2
3224,1
664,1
12944,2
14435,1
13001,2
6763,2
19582,1
1379,1
9750,1
12216,1
16571,1
8115,1
2526,2
8668,2
376,2
6756,2
694,2
10945,1
2806,2
659,1
16866,1
14990,1
8181,1
15268,1
19485,1
4005,1
10045,1
3348,1
6359,1
13880,1
12416,2
2956,2
7553,2
6125,2
2096,1
11181,1
14116,1
6204,1
4664,2
16314,1
5738,2
7009,1
648,1
19037,1
13927,1
3450,1
3347,1
17035,1
7458,1
12165,1
15320,2
7579,1
9116,1
1990,2
8603,1
8122,1
8657,1
18511,1
17485,2
4365,1
14714,2
2289,1
8152,2
8903,2
16796,1
4052,1
1465,2
2986,2
12344,2
18919,1
13842,2
9353,2
15383,1
3191,1
2519,2
11234,1
3002,1
8536,1
14093,2
8830,1
18501,1
12879,2
15846,1
897,1
9411,1
875,1
18011,2
16115,1
8748,1
2649,2
12673,1
12167,1
16944,1
7383,1
13392,1
16051,2
15304,2
8948,1
11764,1
200,1
12440,2
15811,1
3173,1
4918,2
13795,1
3606,1
3880,1
6619,1
3689,2
14140,1
18455,1
17441,1
4935,1
19740,1
7734,1
6334,1
10828,2
18074,1
4057,1
1551,1
7758,1
6356,1
18397,1
14884,2
1036,1
6970,1
9832,2
3075,2
9949,1
8826,1
19650,1
430,2
15307,1
16456,1
15516,1
12087,2
9981,1
14512,1
9401,1
7938,1
13323,1
8683,1
19903,1
1816,1
9919,1
5776,1
14119,1
5659,1
12909,1
7980,1
13555,1
12623,1
8831,2
1842,2
19906,2
13564,1
19900,1
5195,1
15728,1
18151,1
23,1
9796,1
3902,2
18693,1
19347,1
11107,1
7244,1
5628,2
7524,2
11994,1
4352,2
12807,2
10834,1
331,2
246,1
2048,1
7907,1
14831,1
17568,1
1450,2
14827,1
15440,2
7924,1
10764,1
7567,1
18746,1
4042,2
17404,1
13633,2
7601,1
18978,2
10131,1
10422,1
11427,1
19412,2
7548,1
15810,1
19109,1
13265,1
14561,1
12489,1
1675,2
7440,2
19920,1
16032,1
14780,1
817,1
5537,2
14801,1
360,1
12272,1
16397,1
10726,1
6017,2
16670,1
3782,1
14343,2
3910,1
8273,1
9685,1
18986,1
13013,2
11646,1
10718,1
10492,1
5354,1
1914,1
19912,2
1761,2
8918,1
5842,1
3802,1
3239,2
2426,2
11189,1
2951,2
8756,1
2302,1
5370,1
5797,1
8881,1
16564,2
18002,1
3882,1
1615,1
9911,2
8144,2
7893,1
6398,2
18954,1
15229,2
6417,2
16869,1
14638,1
16937,2
3143,1
10805,1
1594,1
361,2
18686,1
2466,1
1005,1
17500,1
16870,1
8941,1
13708,1
15024,1
275,2
343,1
7768,1
15805,1
13102,1
623,1
7958,1
16290,2
14494,1
7256,2
3978,1
4628,1
2321,1
12728,1
15943,1
5231,1
5330,1
7334,1
17417,1
15927,1
11375,2
19131,1
15921,1
7277,1
17192,1
3184,1
8013,1
17713,1
9870,2
2414,1
10074,1
8276,1
94,1
1367,1
4851,1
2262,1
16521,1
4928,2
6661,1
6428,1
14143,1
3212,2
173,2
16509,2
2738,1
5744,1
11442,1
11147,1
3839,1
13944,1
6431,2
17809,2
15140,1
9384,1
6502,2
4322,2
3646,1
11940,1
1840,1
10484,1
17124,2
15014,2
13317,1
17594,1
15476,1
290,1
142,2
18932,1
13597,1
16591,1
4497,1
10884,1
7992,2
16383,2
1340,2
3752,1
17792,1
12200,1
8413,1
3588,1
3844,1
14817,2
8508,1
7808,1
9378,1
11473,1
12052,1
10033,2
8823,1
2945,2
19963,1
6403,2
1314,2
15394,1
11618,1
12578,1
10812,1
3451,2
5823,1
1077,1
6020,1
7869,1
8952,1
4792,1
18685,1
6243,1
12630,2
11579,1
18974,1
15186,1
17854,2
17889,2
2467,1
861,1
8887,1
955,1
19304,1
6747,1
14853,2
7329,1
18258,1
4441,2
797,1
921,1
1154,1
5403,1
3767,1
5324,1
3271,1
10690,2
16619,2
13867,1
3194,1
10988,1
2266,2
17525,1
15617,1
13960,2
8959,2
397,2
14238,2
14991,2
12521,1
8837,1
4044,1
19360,1
6494,1
7168,1
18963,1
15512,1
18867,1
3587,1
10407,1
17418,2
16116,1
9078,2
18456,1
6199,2
10225,1
11504,1
13342,1
11846,1
1636,2
15623,2
18290,2
4752,1
16214,1
8426,1
8889,2
18156,1
11930,1
1428,1
12851,1
13979,2
11546,1
12364,2
17224,1
14624,2
10543,1
5579,1
9437,1
8894,2
7936,1
12616,1
11026,1
1987,1
5672,2
17790,1
433,1
19232,1
11323,1
4121,1
2748,1
1474,2
